Hand,XPos,YPos,ZPos,Time
Right,0,0,0,0
Left,0,0,0,0.1591309
Right,0,0,0,0.1591309
Left,0,0,0,0.202897
Right,0,0,0,0.202897
Left,0,0,0,0.2244098
Right,0,0,0,0.2244098
Left,0,0,0,0.2552707
Right,0,0,0,0.2552707
Left,0,0,0,0.2801015
Right,0,0,0,0.2801015
Left,0,0,0,0.3066322
Right,0,0,0,0.3066322
Left,0,0,0,0.3304186
Right,0,0,0,0.3304186
Left,0,0,0,0.3550578
Right,0,0,0,0.3550578
Left,0,0,0,0.3824813
Right,0,0,0,0.3824813
Left,0,0,0,0.4056558
Right,0,0,0,0.4056558
Left,0,0,0,0.4263001
Right,0,0,0,0.4263001
Left,0,0,0,0.4457019
Right,0,0,0,0.4457019
Left,0,0,0,0.4653968
Right,0,0,0,0.4653968
Left,0,0,0,0.4851551
Right,0,0,0,0.4851551
Left,0,0,0,0.5198315
Right,0,0,0,0.5198315
Left,0,0,0,0.5384506
Right,0,0,0,0.5384506
Left,0.078,0,0,0.5679654
Right,0,0,0,0.5679654
Left,0.289,0,0,0.6048158
Right,0,0,0,0.6048158
Left,0.471,0,0,0.6329823
Right,0,0,0,0.6329823
Left,0.605,0,0,0.6610788
Right,0,0,0,0.6610788
Left,0.65,0,0,0.6863966
Right,0,0,0,0.6863966
Left,0.654,0,0,0.7094002
Right,0,0,0,0.7094002
Left,0.654,0,0,0.7288228
Right,0,0,0,0.7288228
Left,0.654,0,0,0.7583401
Right,0,0,0,0.7583401
Left,0.63,0,0,0.7829334
Right,0,0,0,0.7829334
Left,0.551,0,0,0.8084105
Right,0,0,0,0.8084105
Left,0.395,0,0,0.8343253
Right,0,0,0,0.8343253
Left,0.184,0,0,0.8607199
Right,0,0,0,0.8607199
Left,0.064,0,0,0.8861469
Right,0,0,0,0.8861469
Left,0.043,0,0,0.9171064
Right,0,0,0,0.9171064
Left,0.043,0,0,0.9359477
Right,0,0,0,0.9359477
Left,0.043,0,0,0.9546143
Right,0,0,0,0.9546143
Left,0.071,0,0,0.9776363
Right,0,0,0,0.9776363
Left,0.174,0,0,1.00331
Right,0,0,0,1.00331
Left,0.376,0,0,1.029326
Right,0,0,0,1.029326
Left,0.71,0,0,1.064724
Right,0,0,0,1.064724
Left,0.867,0,0,1.090883
Right,0,0,0,1.090883
Left,0.9,0,0,1.116501
Right,0,0,0,1.116501
Left,0.9,0,0,1.137604
Right,0,0,0,1.137604
Left,0.9,0,0,1.158072
Right,0,0,0,1.158072
Left,0.9,0,0,1.178456
Right,0,0,0,1.178456
Left,0.88,0,0,1.211307
Right,0,0,0,1.211307
Left,0.736,0,0,1.237747
Right,0,0,0,1.237747
Left,0.526,0,0,1.262394
Right,0,0,0,1.262394
Left,0.282,0,0,1.288781
Right,0,0,0,1.288781
Left,0.108,0,0,1.314789
Right,0,0,0,1.314789
Left,0.026,0,0,1.340289
Right,0,0,0,1.340289
Left,0.017,0,0,1.372586
Right,0,0,0,1.372586
Left,0.017,0,0,1.392409
Right,0,0,0,1.392409
Left,0.017,0,0,1.412321
Right,0,0,0,1.412321
Left,0.017,0,0,1.431622
Right,0,0,0,1.431622
Left,0.075,0,0,1.456076
Right,0,0,0,1.456076
Left,0.236,0,0,1.481231
Right,0,0,0,1.481231
Left,0.567,0,0,1.518343
Right,0,0,0,1.518343
Left,0.698,0,0,1.542935
Right,0,0,0,1.542935
Left,0.752,0,0,1.567691
Right,0,0,0,1.567691
Left,0.764,0,0,1.591504
Right,0,0,0,1.591504
Left,0.764,0,0,1.610765
Right,0,0,0,1.610765
Left,0.764,0,0,1.629106
Right,0,0,0,1.629106
Left,0.764,0,0,1.648111
Right,0,0,0,1.648111
Left,0.699,0,0,1.681136
Right,0,0,0,1.681136
Left,0.493,0,0,1.708597
Right,0,0,0,1.708597
Left,0.23,0,0,1.736213
Right,0,0,0,1.736213
Left,0.069,0,0,1.762808
Right,0,0,0,1.762808
Left,0.023,0,0,1.787643
Right,0,0,0,1.787643
Left,0.015,0,0,1.810377
Right,0,0,0,1.810377
Left,0.011,0,0,1.840841
Right,0,0,0,1.840841
Left,0.011,0,0,1.859719
Right,0,0,0,1.859719
Left,0.011,0,0,1.879732
Right,0,0,0,1.879732
Left,0.014,0,0,1.902629
Right,0,0,0,1.902629
Left,0.092,0,0,1.928146
Right,0,0,0,1.928146
Left,0.331,0,0,1.953909
Right,0,0,0,1.953909
Left,0.858,0,0,1.989132
Right,0,0,0,1.989132
Left,1.089,0,0,2.014747
Right,0,0,0,2.014747
Left,1.105,0,0,2.035531
Right,0,0,0,2.035531
Left,1.105,0,0,2.054397
Right,0,0,0,2.054397
Left,1.105,0,0,2.073795
Right,0,0,0,2.073795
Left,1.093,0,0,2.094757
Right,0,0,0,2.094757
Left,0.957,0,0,2.119389
Right,0,0,0,2.119389
Left,0.491,0,0,2.15577
Right,0,0,0,2.15577
Left,0.146,0,0,2.180931
Right,0,0,0,2.180931
Left,-0.17,0,0,2.205725
Right,0,0,0,2.205725
Left,-0.445,0,0,2.231366
Right,0,0,0,2.231366
Left,-0.71,0,0,2.261659
Right,0,0,0,2.261659
Left,-0.986,0,0,2.297999
Right,0,0,0,2.297999
Left,-1.176,0,0,2.326899
Right,0,0,0,2.326899
Left,-1.291,0,0,2.353827
Right,0,0,0,2.353827
Left,-1.308,0,0,2.37623
Right,0,0,0,2.37623
Left,-1.308,0,0,2.396371
Right,0,0,0,2.396371
Left,-1.308,0,0,2.415083
Right,0,0,0,2.415083
Left,-1.168,0,0,2.450348
Right,0,0,0,2.450348
Left,-0.896,0,0,2.475205
Right,0,0,0,2.475205
Left,-0.351,0,0,2.500214
Right,0,0,0,2.500214
Left,0.351,0,0,2.526021
Right,0,0,0,2.526021
Left,0.908,0,0,2.551051
Right,0,0,0,2.551051
Left,1.151,0,0,2.577214
Right,0,0,0,2.577214
Left,1.184,0,0,2.60872
Right,0,0,0,2.60872
Left,1.184,0,0,2.627376
Right,0,0,0,2.627376
Left,1.184,0,0,2.647062
Right,0,0,0,2.647062
Left,1.184,0,0,2.667101
Right,0,0,0,2.667101
Left,1.184,0,0,2.687248
Right,0,0,0,2.687248
Left,1.184,0,0,2.706416
Right,0,0,0,2.706416
Left,1.18,0,0,2.729599
Right,0,0,0,2.729599
Left,0.893,0,0,2.766628
Right,0,0,0,2.766628
Left,0.271,0,0,2.796812
Right,0,0,0,2.796812
Left,-0.421,0,0,2.823671
Right,0,0,0,2.823671
Left,-0.759,0,0,2.849667
Right,0,0,0,2.849667
Left,-0.825,0,0,2.873884
Right,0,0,0,2.873884
Left,-0.825,0,0,2.902251
Right,0,0,0,2.902251
Left,-0.825,0,0,2.921231
Right,0,0,0,2.921231
Left,-0.825,0,0,2.940166
Right,0,0,0,2.940166
Left,-0.772,0,0,2.964926
Right,0,0,0,2.964926
Left,-0.574,0,0,2.991388
Right,0,0,0,2.991388
Left,-0.282,0,0,3.017064
Right,0,0,0,3.017064
Left,0.243,0,0,3.054461
Right,0,0,0,3.054461
Left,0.561,0,0,3.080445
Right,0,0,0,3.080445
Left,0.64,0,0,3.106158
Right,0,0,0,3.106158
Left,0.644,0,0,3.127512
Right,0,0,0,3.127512
Left,0.644,0,0,3.146204
Right,0,0,0,3.146204
Left,0.644,0,0,3.164588
Right,0,0,0,3.164588
Left,0.644,0,0,3.188231
Right,0,0,0,3.188231
Left,0.644,0,0,3.21934
Right,0,0,0,3.21934
Left,0.644,0,0,3.240598
Right,0,0,0,3.240598
Left,0.644,0,0,3.265191
Right,0,0,0,3.265191
Left,0.644,0,0,3.291148
Right,0,0,0,3.291148
Left,0.644,0,0,3.317794
Right,0,0,0,3.317794
Left,0.644,0,0,3.345867
Right,0,0,0,3.345867
Left,0.644,0,0,3.373029
Right,0,0,0,3.373029
Left,0.644,0,0,3.399211
Right,0,0,0,3.399211
Left,0.644,0,0,3.426124
Right,0,0,0,3.426124
Left,0.644,0,0,3.454537
Right,0,0,0,3.454537
Left,0.644,0,0,3.478006
Right,0,0,0,3.478006
Left,0.644,0,0,3.501967
Right,0,0,0,3.501967
Left,0.644,0,0,3.523891
Right,0,0,0,3.523891
Left,0.644,0,0,3.545771
Right,0,0,0,3.545771
Left,0.644,0,0,3.568482
Right,0,0,0,3.568482
Left,0.644,0,0,3.590427
Right,0,0,0,3.590427
Left,0.644,0,0,3.612043
Right,0,0,0,3.612043
Left,0.644,0,0,3.635034
Right,0,0,0,3.635034
Left,0.644,0,0,3.657432
Right,0,0,0,3.657432
Left,0.644,0,0,3.679343
Right,0,0,0,3.679343
Left,0.644,0,0,3.700348
Right,0,0,0,3.700348
Left,0.644,0,0,3.722877
Right,0,0,0,3.722877
Left,0.644,0,0,3.745952
Right,0,0,0,3.745952
Left,0.644,0,0,3.768488
Right,0,0,0,3.768488
Left,0.644,0,0,3.788594
Right,0,0,0,3.788594
Left,0.644,0,0,3.808117
Right,0,0,0,3.808117
Left,0.644,0,0,3.828168
Right,0,0,0,3.828168
Left,0.644,0,0,3.849838
Right,0,0,0,3.849838
Left,0.644,0,0,3.877918
Right,0,0,0,3.877918
Left,0.644,0,0,3.89974
Right,0,0,0,3.89974
Left,0.644,0,0,3.920822
Right,0,0,0,3.920822
Left,0.644,0,0,3.943384
Right,0,0,0,3.943384
